
{
  "90": {
    "hostname": "alpha-ent",
    "hackPercentage": 90,
    "totalThreads": 9499,
    "income": 15173520525,
    "loopTime": 821192.6696653402,
    "requiredRam": 16389.05,
    "moneyPerThread": 1597380,
    "moneyPerCpuSec": 18477418,
    "moneyPerThreadFormatted": "1,597,380",
    "moneyPerCpuSecFormatted": "18,477,418",
    "repeatIntervalSec": 2,
    "opThreads": {
      "hack": 4684,
      "grow": 2586,
      "weaken": 395
    },
    "opTimes": {
      "hack": 205298.16741633505,
      "grow": 656954.1357322722,
      "weaken": 821192.6696653402
    },
    "goldenInfo": true
  },
  "alpha-ent": {
    "99": {
      "hostname": "alpha-ent",
      "hackPercentage": 99,
      "totalThreads": 10611,
      "income": 16690872577.5,
      "loopTime": 769090,
      "requiredRam": 18453.8,
      "moneyPerThread": 1572978,
      "moneyPerCpuSec": 21702105,
      "moneyPerThreadFormatted": "1,572,978",
      "moneyPerCpuSecFormatted": "21,702,105",
      "repeatIntervalSec": 0.6770158450704226,
      "opThreads": {
        "hack": 2309,
        "grow": 5171,
        "weaken": 507
      },
      "opTimes": {
        "hack": 192273,
        "grow": 615272,
        "weaken": 769090
      },
      "goldenInfo": true
    }
  }
}